{"error": 0.27951153324287653, "disparity": 0.09362279511533245, "acc": 0.7046070460704607, "_runtime": 362, "_timestamp": 1618414397, "_step": 70}