{"error": 0.36070944130217797, "disparity": 0.4678949172536496, "acc": 0.6322039103285905, "_runtime": 418, "_timestamp": 1618413158, "_step": 70}