{"error": 0.3611111111111111, "disparity": 0.7916666666666666, "acc": 0.5555555555555556, "_runtime": 43, "_timestamp": 1618412131, "_step": 70}