{"error": 0.2496626180836707, "disparity": 0.028340080971659964, "acc": 0.7311827956989247, "_runtime": 221, "_timestamp": 1618413792, "_step": 70}