{"error": 0.28815294448852147, "disparity": 0.7506135857927766, "acc": 0.7135837854437507, "_runtime": 509, "_timestamp": 1618413920, "_step": 70}